id,latitude,longitude
12013,12.843051,77.486329
28241,12.843064,77.656476
43959,12.844149,77.679381
38086,12.845215,77.660170
38689,12.845215,77.660170
43471,12.845215,77.660170
43520,12.845215,77.660170
49525,12.845215,77.660170
54811,12.845215,77.660170
58139,12.845215,77.660170
23487,12.845681,77.667390
58088,12.845863,77.663113
37306,12.848575,77.461553
26392,12.850518,77.677133
48388,12.851739,77.652757
53209,12.853988,77.588324
53125,12.854030,77.588324
25727,12.854102,77.588557
26393,12.855012,77.662383
17255,12.856765,77.600575
27499,12.856795,77.588565
30268,12.857267,77.585221
53129,12.859301,77.598512
53213,12.859395,77.599749
53214,12.859395,77.599749
53222,12.859395,77.599749
53128,12.860232,77.599620
44854,12.860366,77.664342
36996,12.861717,77.531867
53126,12.863836,77.599290
32994,12.864198,77.598113
32998,12.864198,77.598113
34942,12.864198,77.598113
58080,12.864465,77.593587
32498,12.865514,77.600078
58864,12.866035,77.559442
58181,12.870556,77.655760
55545,12.870668,77.660833
25254,12.870715,77.541376
35940,12.870856,77.593371
37018,12.871816,77.602182
45793,12.871816,77.602182
53488,12.871816,77.602182
53728,12.871816,77.602182
53729,12.871816,77.602182
33860,12.871930,77.597921
55643,12.872212,77.641637
125225,12.873488,77.658091
125227,12.873488,77.658091
125238,12.873488,77.658091
26812,12.875460,77.542293
26819,12.875460,77.542293
33866,12.876185,77.595482
130359,12.877813,77.595800
135677,12.877813,77.595800
36880,12.878480,77.514834
42429,12.878767,77.637668
130360,12.880925,77.598898
42431,12.881227,77.627838
42428,12.881596,77.626587
53614,12.882219,77.565968
27413,12.888918,77.597297
25372,12.889522,77.579852
14713,12.891315,77.606606
35978,12.892154,77.601472
35983,12.892154,77.601472
11889,12.892454,77.665468
56820,12.893942,77.463147
115956,12.894455,77.555485
125231,12.896053,77.570161
14761,12.896656,77.599579
27801,12.898483,77.559065
27833,12.898483,77.559065
54541,12.899453,77.558385
36942,12.899668,77.482684
44290,12.899668,77.482684
57928,12.900086,77.628927
43301,12.900355,77.570936
58059,12.900829,77.630140
46936,12.901054,77.627129
57912,12.901456,77.625333
58071,12.901680,77.631306
58074,12.901680,77.631306
58084,12.901680,77.631306
58089,12.901680,77.631306
57900,12.901707,77.630869
30267,12.902222,77.601314
45117,12.902747,77.634998
30206,12.902980,77.624194
36784,12.902980,77.624194
37361,12.902980,77.624194
45101,12.902980,77.624194
45465,12.902980,77.624194
45466,12.902980,77.624194
48934,12.902980,77.624194
48935,12.902980,77.624194
42309,12.903608,77.544138
42328,12.903608,77.544138
22046,12.903621,77.632848
36938,12.904071,77.512455
24776,12.904438,77.564928
25366,12.904438,77.564928
41600,12.904438,77.564928
42701,12.904438,77.564928
42935,12.904438,77.564928
43003,12.904438,77.564928
52648,12.904438,77.564928
37382,12.904614,77.614948
27258,12.904658,77.526945
31241,12.905590,77.622302
150626,12.905951,77.695593
57903,12.906016,77.567440
55068,12.906343,77.585683
58190,12.906343,77.585683
150645,12.906343,77.585683
12001,12.906348,77.599550
20260,12.906495,77.606272
54969,12.906497,77.582162
44856,12.906957,77.499376
46920,12.906982,77.552059
57136,12.906982,77.552059
20258,12.907123,77.602461
28672,12.907234,77.565569
45108,12.907234,77.565569
20264,12.907348,77.606022
45507,12.907351,77.547216
55024,12.907556,77.573061
57901,12.907647,77.550231
53616,12.908322,77.605078
20831,12.908996,77.589213
58091,12.909133,77.539700
43904,12.909369,77.576537
46098,12.909675,77.606864
29543,12.909747,77.678598
44859,12.909948,77.499934
45939,12.910570,77.610319
27290,12.910695,77.566940
43369,12.911388,77.546296
58222,12.911673,77.625843
37042,12.912118,77.644555
45118,12.912118,77.644555
46919,12.912118,77.644555
58149,12.912118,77.644555
58204,12.912118,77.644555
43553,12.912139,77.647047
52484,12.912508,77.651825
46549,12.912620,77.601520
43302,12.912746,77.512705
57930,12.913336,77.587095
46991,12.913421,77.486242
43081,12.913626,77.487075
27435,12.913821,77.608307
20261,12.914177,77.610546
12881,12.914318,77.640726
36932,12.914860,77.520640
20263,12.914898,77.612671
45515,12.915177,77.487532
125370,12.915343,77.651637
53793,12.915432,77.573672
43939,12.915569,77.556773
45112,12.915569,77.556773
44038,12.915778,77.573381
24345,12.915848,77.612226
24755,12.915858,77.612240
45505,12.916158,77.570120
30269,12.916168,77.614997
45691,12.916195,77.607007
53473,12.916206,77.570387
11857,12.916257,77.606958
41257,12.916413,77.522529
36852,12.916542,77.483517
44868,12.916571,77.623383
33787,12.916576,77.610116
40483,12.916576,77.610116
42629,12.916576,77.610116
45103,12.916576,77.610116
45111,12.916576,77.610116
46096,12.916576,77.610116
58065,12.916576,77.610116
58219,12.916576,77.610116
58210,12.916585,77.621930
24753,12.916615,77.598488
45712,12.916943,77.621934
12028,12.917038,77.707432
49751,12.917759,77.610446
37159,12.917898,77.605333
44737,12.918074,77.522264
58095,12.918087,77.605101
49047,12.918765,77.501404
24770,12.918984,77.570450
53727,12.920282,77.620919
31628,12.920403,77.593411
31658,12.920433,77.635714
46451,12.920461,77.592030
14704,12.920782,77.579794
31641,12.921465,77.591429
54469,12.921588,77.580261
55022,12.921588,77.580261
45113,12.921781,77.601162
45189,12.921781,77.601162
45458,12.921781,77.601162
43114,12.921920,77.560513
40120,12.922146,77.575223
36917,12.922524,77.517512
26236,12.922637,77.617444
43952,12.922637,77.617444
45699,12.922637,77.617444
45114,12.922698,77.592659
44006,12.922736,77.545251
37360,12.923052,77.484652
45063,12.923135,77.506672
43595,12.923313,77.553333
36129,12.923397,77.597874
25589,12.923494,77.558359
26078,12.923723,77.498701
28056,12.923723,77.498701
28577,12.923723,77.498701
33441,12.923980,77.652434
46474,12.924299,77.645733
30127,12.924455,77.693870
31357,12.924818,77.587232
36916,12.925230,77.529696
44039,12.925230,77.529696
36177,12.925453,77.546757
42473,12.925453,77.546757
42474,12.925453,77.546757
43110,12.925453,77.546757
46053,12.925800,77.617613
23947,12.925940,77.583042
36119,12.925940,77.583042
37309,12.925940,77.583042
40742,12.925940,77.583042
45116,12.925940,77.583042
37317,12.926124,77.607070
37318,12.926124,77.607070
52057,12.926133,77.679542
43364,12.926162,77.549990
45469,12.926196,77.605428
22402,12.926270,77.600329
45627,12.926329,77.502753
45745,12.927282,77.578055
47221,12.927930,77.616226
37319,12.928044,77.610293
36545,12.928304,77.583928
24021,12.928874,77.607502
47210,12.929326,77.620904
43368,12.930428,77.678404
45343,12.930428,77.678404
58220,12.930428,77.678404
24300,12.930463,77.629048
58223,12.930774,77.583830
43594,12.930892,77.567072
23790,12.930918,77.609716
24842,12.930918,77.609716
36610,12.930918,77.609716
37304,12.930918,77.609716
37308,12.930918,77.609716
40000,12.930918,77.609716
43896,12.930918,77.609716
45833,12.930918,77.609716
49548,12.930918,77.609716
52065,12.930918,77.609716
35939,12.931199,77.563068
45198,12.931359,77.602131
43112,12.931434,77.628023
43113,12.931434,77.628023
21990,12.931458,77.629986
41691,12.931458,77.629986
58063,12.931458,77.629986
58067,12.931458,77.629986
58070,12.931458,77.629986
43459,12.931568,77.513035
58076,12.931741,77.569457
37314,12.931979,77.611367
22417,12.932793,77.603283
35330,12.932901,77.613274
35335,12.932901,77.613274
36726,12.932946,77.583869
42444,12.933116,77.614533
53217,12.933225,77.614688
39895,12.933253,77.610779
37070,12.933408,77.615420
45639,12.933412,77.615658
45792,12.933438,77.560867
46438,12.933908,77.615566
27172,12.933948,77.615482
23724,12.934073,77.615741
44912,12.934313,77.494012
36780,12.934417,77.606017
36814,12.934417,77.606017
43105,12.934417,77.606017
43501,12.934417,77.606017
46788,12.934417,77.606017
37316,12.934440,77.611268
47220,12.934440,77.611268
58086,12.934440,77.611268
47420,12.934460,77.558170
45604,12.934470,77.630843
43086,12.934483,77.611980
41230,12.934494,77.610696
32600,12.934509,77.616053
33254,12.934509,77.616053
34815,12.934711,77.559115
38452,12.934726,77.605146
46648,12.934726,77.605146
43294,12.934812,77.609988
53492,12.934848,77.613900
42398,12.934891,77.612078
56057,12.935049,77.618073
57904,12.935087,77.588040
23932,12.935193,77.624481
24772,12.935193,77.624481
26514,12.935193,77.624481
26531,12.935193,77.624481
28843,12.935193,77.624481
33509,12.935193,77.624481
36729,12.935193,77.624481
36862,12.935193,77.624481
37043,12.935193,77.624481
37340,12.935193,77.624481
37841,12.935193,77.624481
38713,12.935193,77.624481
42022,12.935193,77.624481
42432,12.935193,77.624481
43005,12.935193,77.624481
43324,12.935193,77.624481
43642,12.935193,77.624481
43643,12.935193,77.624481
44220,12.935193,77.624481
48867,12.935193,77.624481
53535,12.935193,77.624481
58203,12.935193,77.624481
35365,12.935216,77.619961
35381,12.935216,77.619961
36720,12.935216,77.619961
37069,12.935216,77.619961
25888,12.935468,77.614142
46314,12.935516,77.614129
36725,12.936136,77.615217
111533,12.936236,77.606189
52059,12.936279,77.561444
43028,12.936325,77.615773
53615,12.936325,77.615773
43009,12.936468,77.616043
53211,12.936468,77.616043
36121,12.936674,77.560695
46221,12.936716,77.580094
40399,12.936720,77.618396
46046,12.936977,77.568390
46225,12.936977,77.568390
44766,12.937001,77.627860
53541,12.937017,77.602689
31392,12.937039,77.632122
46918,12.937053,77.559993
32596,12.937135,77.601706
36873,12.937135,77.601706
43700,12.938132,77.573874
31399,12.938444,77.631878
22054,12.938582,77.637928
56002,12.938614,77.550752
54386,12.938629,77.544029
44236,12.938879,77.741205
45475,12.939368,77.557412
21521,12.939661,77.695166
20379,12.940046,77.620690
42522,12.940198,77.573278
57916,12.940273,77.562505
29324,12.940600,77.573763
42216,12.940600,77.573763
42417,12.940600,77.573763
45701,12.940600,77.573763
35915,12.940625,77.570918
37354,12.940659,77.620746
43725,12.941012,77.565526
45296,12.941012,77.565526
50075,12.941012,77.565526
37326,12.941164,77.621290
37438,12.941469,77.617813
38449,12.941469,77.617813
36779,12.941473,77.608482
43322,12.941473,77.608482
43640,12.941473,77.608482
44764,12.941778,77.567828
46223,12.941818,77.575248
46228,12.941818,77.575248
45716,12.942021,77.567664
46050,12.942052,77.575362
58127,12.942357,77.696726
20439,12.942438,77.556630
43340,12.942501,77.543913
150670,12.942867,77.622606
57905,12.943034,77.555810
44860,12.943201,77.505385
43465,12.943633,77.567870
30121,12.944587,77.572377
31979,12.944587,77.572377
37073,12.944587,77.572377
45167,12.944587,77.572377
54912,12.944587,77.572377
25582,12.944632,77.525574
43658,12.944659,77.523701
44857,12.944749,77.504054
45131,12.945164,77.567746
57899,12.945585,77.580315
40403,12.945962,77.568061
57910,12.946422,77.575723
31314,12.946797,77.531315
32487,12.947760,77.602558
32508,12.947760,77.602558
33862,12.947760,77.602558
49036,12.947906,77.602591
53538,12.947906,77.602591
53794,12.947906,77.602591
45786,12.948160,77.567804
45634,12.948193,77.597187
33263,12.948235,77.573887
34129,12.948862,77.645396
40117,12.948932,77.645366
43693,12.949807,77.665522
36303,12.950018,77.644255
31626,12.950338,77.600453
25878,12.950388,77.502222
26284,12.950388,77.502222
26365,12.950388,77.502222
43335,12.950399,77.555647
52151,12.950405,77.502062
31493,12.950456,77.623682
31442,12.950520,77.569367
45857,12.950714,77.573725
54907,12.950743,77.584777
44748,12.950980,77.486496
45195,12.951118,77.591533
25726,12.951357,77.587181
45068,12.951482,77.483498
44908,12.951524,77.483112
44732,12.952068,77.486303
27254,12.952259,77.537184
46547,12.952740,77.652575
123889,12.953019,77.708811
35934,12.953667,77.577703
40413,12.953792,77.600951
45395,12.953969,77.659352
45504,12.954077,77.585677
57902,12.954285,77.594305
45728,12.954398,77.592753
29302,12.954459,77.522755
46048,12.954487,77.619072
54385,12.954991,77.619961
54448,12.955170,77.614501
36586,12.955211,77.578292
44735,12.955832,77.537040
38497,12.956190,77.694282
31089,12.956252,77.701187
45819,12.956259,77.653463
46449,12.956259,77.653463
46308,12.956481,77.601343
32272,12.956542,77.585958
43223,12.956760,77.520292
36994,12.956809,77.702102
43960,12.956844,77.715033
34121,12.956924,77.701127
34124,12.956924,77.701127
37057,12.956924,77.701127
39936,12.956924,77.701127
43662,12.956924,77.701127
43919,12.956924,77.701127
44218,12.956924,77.701127
44237,12.956924,77.701127
48974,12.956924,77.701127
53795,12.956924,77.701127
58198,12.956924,77.701127
42396,12.956927,77.701654
37602,12.956947,77.701535
44747,12.957160,77.536383
45919,12.957378,77.585418
44852,12.957569,77.600541
36555,12.957755,77.599251
38698,12.957755,77.599251
39429,12.957755,77.599251
58224,12.957755,77.599251
39994,12.957837,77.545036
54384,12.957869,77.614845
44728,12.958145,77.526617
28053,12.958232,77.525388
26232,12.958332,77.708299
11893,12.958425,77.603730
21532,12.958676,77.586580
45398,12.958769,77.656867
45400,12.958769,77.656867
43724,12.958821,77.508911
46441,12.958913,77.656891
31004,12.959054,77.659046
11946,12.959188,77.656687
46258,12.959224,77.664267
46444,12.959259,77.654163
32124,12.959351,77.573642
43425,12.959396,77.574721
43488,12.959396,77.574721
25065,12.959455,77.580569
25439,12.959455,77.580569
28059,12.959455,77.580569
28628,12.959455,77.580569
43435,12.959455,77.580569
11957,12.960188,77.649186
31428,12.960229,77.648330
43290,12.960750,77.582814
17569,12.960986,77.638732
38333,12.960986,77.638732
46199,12.961606,77.599633
31657,12.961695,77.598532
43298,12.962020,77.533743
11991,12.962226,77.666524
43521,12.962488,77.716828
31239,12.962694,77.606622
45115,12.962758,77.586836
153025,12.962867,77.577509
153027,12.962867,77.577509
153044,12.962867,77.577509
153056,12.962867,77.577509
153061,12.962867,77.577509
153069,12.962867,77.577509
153077,12.962867,77.577509
153112,12.962867,77.577509
153133,12.962867,77.577509
153161,12.962867,77.577509
153173,12.962867,77.577509
153193,12.962867,77.577509
153194,12.962867,77.577509
153204,12.962867,77.577509
153205,12.962867,77.577509
38498,12.962935,77.712300
11960,12.963001,77.624973
38627,12.963055,77.618570
29173,12.963195,77.641826
46313,12.963312,77.679224
46434,12.963312,77.679224
46201,12.963611,77.640556
36027,12.963701,77.595796
38965,12.963928,77.583194
44915,12.963945,77.508850
15853,12.964102,77.710237
46311,12.964163,77.658076
46436,12.964163,77.658076
55482,12.964186,77.592147
42339,12.964276,77.578136
45747,12.964747,77.576808
45849,12.965019,77.759547
44762,12.965255,77.575267
45836,12.965306,77.611023
40623,12.965480,77.718464
44977,12.965513,77.506347
31656,12.965611,77.576136
45506,12.965611,77.576136
45698,12.965611,77.576136
45809,12.965611,77.576136
45818,12.965611,77.576136
46220,12.965611,77.576136
46227,12.965611,77.576136
42391,12.965912,77.575312
57925,12.965953,77.553321
40978,12.966059,77.717937
43871,12.966059,77.717937
12808,12.966277,77.715095
40502,12.966398,77.717124
31273,12.966800,77.611397
38757,12.967042,77.582299
48197,12.967075,77.565466
37603,12.967086,77.680813
54543,12.967249,77.603352
122470,12.967379,77.535974
11958,12.967401,77.648131
44814,12.967499,77.575018
47094,12.967630,77.713658
46282,12.967744,77.588172
45325,12.968035,77.509628
34156,12.968064,77.595068
57920,12.968295,77.586023
58093,12.968309,77.602191
46019,12.968947,77.601621
43951,12.968980,77.637059
41696,12.968997,77.720885
30606,12.969095,77.626568
46271,12.969117,77.597052
150369,12.969282,77.749993
39159,12.969583,77.649748
54544,12.969759,77.597504
29462,12.969820,77.749972
37168,12.969820,77.749972
46060,12.969820,77.749972
49327,12.969820,77.749972
53875,12.969853,77.594359
43292,12.969921,77.609941
50038,12.970025,77.653613
50076,12.970025,77.653613
50077,12.970025,77.653613
35848,12.970037,77.601692
43242,12.970263,77.609963
43313,12.970263,77.609963
45936,12.970263,77.609963
48408,12.970263,77.609963
38496,12.970343,77.700647
59795,12.970435,77.617502
31272,12.970437,77.609445
46022,12.970553,77.655456
37166,12.970589,77.604118
16549,12.970719,77.606815
46439,12.970729,77.647622
22512,12.970877,77.644619
37076,12.970923,77.576314
46446,12.970933,77.635059
33280,12.970991,77.606900
37044,12.970991,77.606900
43318,12.970991,77.606900
43634,12.970991,77.606900
22222,12.971081,77.606283
30604,12.971210,77.625905
20259,12.971306,77.606991
20262,12.971306,77.606991
44761,12.971307,77.592030
31074,12.971355,77.656814
40277,12.971440,77.598060
11898,12.971599,77.594563
11950,12.971599,77.594563
11955,12.971599,77.594563
12838,12.971599,77.594563
13474,12.971599,77.594563
13476,12.971599,77.594563
14696,12.971599,77.594563
15574,12.971599,77.594563
15934,12.971599,77.594563
20136,12.971599,77.594563
20688,12.971599,77.594563
20923,12.971599,77.594563
20931,12.971599,77.594563
21368,12.971599,77.594563
25329,12.971599,77.594563
25367,12.971599,77.594563
26737,12.971599,77.594563
27919,12.971599,77.594563
28573,12.971599,77.594563
28574,12.971599,77.594563
28575,12.971599,77.594563
28959,12.971599,77.594563
28963,12.971599,77.594563
28965,12.971599,77.594563
28966,12.971599,77.594563
29042,12.971599,77.594563
29609,12.971599,77.594563
29807,12.971599,77.594563
29914,12.971599,77.594563
29983,12.971599,77.594563
30396,12.971599,77.594563
30401,12.971599,77.594563
30486,12.971599,77.594563
30631,12.971599,77.594563
31108,12.971599,77.594563
31349,12.971599,77.594563
32033,12.971599,77.594563
32818,12.971599,77.594563
33281,12.971599,77.594563
33560,12.971599,77.594563
34227,12.971599,77.594563
34594,12.971599,77.594563
35455,12.971599,77.594563
35708,12.971599,77.594563
35958,12.971599,77.594563
36087,12.971599,77.594563
36228,12.971599,77.594563
36471,12.971599,77.594563
36799,12.971599,77.594563
36804,12.971599,77.594563
36815,12.971599,77.594563
37474,12.971599,77.594563
37780,12.971599,77.594563
37827,12.971599,77.594563
37851,12.971599,77.594563
38303,12.971599,77.594563
38788,12.971599,77.594563
38900,12.971599,77.594563
39115,12.971599,77.594563
39351,12.971599,77.594563
39445,12.971599,77.594563
39946,12.971599,77.594563
40424,12.971599,77.594563
40590,12.971599,77.594563
41130,12.971599,77.594563
42087,12.971599,77.594563
42088,12.971599,77.594563
42357,12.971599,77.594563
42365,12.971599,77.594563
42430,12.971599,77.594563
43365,12.971599,77.594563
43367,12.971599,77.594563
44725,12.971599,77.594563
44918,12.971599,77.594563
45009,12.971599,77.594563
45448,12.971599,77.594563
45581,12.971599,77.594563
45592,12.971599,77.594563
45607,12.971599,77.594563
45611,12.971599,77.594563
45755,12.971599,77.594563
46023,12.971599,77.594563
46042,12.971599,77.594563
46057,12.971599,77.594563
46470,12.971599,77.594563
46478,12.971599,77.594563
46520,12.971599,77.594563
46522,12.971599,77.594563
46907,12.971599,77.594563
46922,12.971599,77.594563
47386,12.971599,77.594563
47445,12.971599,77.594563
48793,12.971599,77.594563
48871,12.971599,77.594563
48962,12.971599,77.594563
48985,12.971599,77.594563
48997,12.971599,77.594563
49064,12.971599,77.594563
49117,12.971599,77.594563
49599,12.971599,77.594563
50140,12.971599,77.594563
53543,12.971599,77.594563
54958,12.971599,77.594563
54970,12.971599,77.594563
55087,12.971599,77.594563
55875,12.971599,77.594563
55882,12.971599,77.594563
56050,12.971599,77.594563
56108,12.971599,77.594563
56496,12.971599,77.594563
56497,12.971599,77.594563
56606,12.971599,77.594563
57509,12.971599,77.594563
57909,12.971599,77.594563
57913,12.971599,77.594563
57914,12.971599,77.594563
58044,12.971599,77.594563
58048,12.971599,77.594563
58050,12.971599,77.594563
58052,12.971599,77.594563
58054,12.971599,77.594563
58056,12.971599,77.594563
58058,12.971599,77.594563
58061,12.971599,77.594563
58064,12.971599,77.594563
58069,12.971599,77.594563
58072,12.971599,77.594563
58075,12.971599,77.594563
58079,12.971599,77.594563
58082,12.971599,77.594563
58085,12.971599,77.594563
58087,12.971599,77.594563
58122,12.971599,77.594563
58129,12.971599,77.594563
58130,12.971599,77.594563
58135,12.971599,77.594563
58138,12.971599,77.594563
58140,12.971599,77.594563
58142,12.971599,77.594563
58148,12.971599,77.594563
58152,12.971599,77.594563
58160,12.971599,77.594563
58166,12.971599,77.594563
58170,12.971599,77.594563
58177,12.971599,77.594563
58183,12.971599,77.594563
58188,12.971599,77.594563
58195,12.971599,77.594563
58225,12.971599,77.594563
58226,12.971599,77.594563
58265,12.971599,77.594563
58266,12.971599,77.594563
111766,12.971599,77.594563
113368,12.971599,77.594563
123600,12.971599,77.594563
123855,12.971599,77.594563
124019,12.971599,77.594563
51673,12.971643,77.595937
57924,12.971766,77.582031
37532,12.971885,77.607009
38261,12.971885,77.607009
37078,12.971932,77.512749
61933,12.971932,77.512749
43782,12.971952,77.751903
55547,12.971975,77.596006
46442,12.972073,77.594903
46551,12.972106,77.653968
45001,12.972233,77.523409
45397,12.972255,77.653484
41864,12.972311,77.618721
46433,12.972522,77.651137
49116,12.972607,77.594890
31610,12.972658,77.605283
43484,12.972751,77.632019
24398,12.972893,77.601146
28639,12.972970,77.593807
44910,12.972979,77.621041
17554,12.973042,77.607378
20403,12.973083,77.594820
143717,12.973088,77.616979
35019,12.973173,77.616607
38694,12.973173,77.616607
45119,12.973173,77.616607
45468,12.973173,77.616607
48203,12.973173,77.616607
52844,12.973287,77.747953
36268,12.973426,77.598837
28708,12.973653,77.648243
11956,12.973679,77.610967
45062,12.973962,77.551755
150583,12.974021,77.700870
34719,12.974048,77.608591
45852,12.974077,77.599005
36919,12.974248,77.551835
56113,12.974321,77.595780
112448,12.974346,77.656708
31562,12.974363,77.609666
31243,12.974515,77.609276
46257,12.974539,77.680554
47589,12.974543,77.595116
44758,12.974648,77.606350
47381,12.974698,77.558486
55481,12.974720,77.598595
41695,12.974744,77.606604
43083,12.974798,77.590679
45320,12.974851,77.606618
25886,12.974990,77.604784
29473,12.974990,77.604784
39071,12.974990,77.604784
39433,12.974990,77.604784
43432,12.974990,77.604784
43630,12.974990,77.604784
43728,12.974990,77.604784
44978,12.974990,77.604784
53221,12.974990,77.604784
53494,12.974990,77.604784
11901,12.975182,77.607995
113306,12.975215,77.604164
36930,12.975596,77.535388
37080,12.975596,77.535388
42089,12.975596,77.535388
53613,12.975596,77.535388
29671,12.975688,77.605768
43006,12.975688,77.605768
24857,12.975692,77.572844
42911,12.975692,77.572844
45715,12.975712,77.570977
21147,12.975778,77.572857
46468,12.975827,77.605642
45520,12.975864,77.594391
58157,12.975941,77.599049
57918,12.976032,77.574521
46290,12.976085,77.577815
43963,12.976318,77.573181
35837,12.976360,77.592910
37165,12.976360,77.592910
42813,12.976360,77.592910
43352,12.976360,77.592910
43472,12.976360,77.592910
45105,12.976360,77.592910
50617,12.976360,77.592910
55069,12.976360,77.592910
35027,12.976416,77.626674
37058,12.976416,77.626674
57926,12.976450,77.571217
14946,12.976580,77.571623
14947,12.976580,77.571623
17504,12.976664,77.571256
24846,12.976664,77.571256
38789,12.976664,77.571256
39357,12.976664,77.571256
39363,12.976664,77.571256
39369,12.976664,77.571256
43535,12.976664,77.571256
43635,12.976664,77.571256
45754,12.976664,77.571256
45814,12.976664,77.571256
50376,12.976664,77.571256
58023,12.976664,77.571256
58025,12.976664,77.571256
31299,12.976766,77.515761
36548,12.976906,77.579865
24956,12.977082,77.574747
27830,12.977082,77.574747
28054,12.977082,77.574747
28571,12.977082,77.574747
37050,12.977082,77.574747
37067,12.977082,77.574747
43590,12.977082,77.574747
45079,12.977082,77.574747
45165,12.977082,77.574747
55546,12.977273,77.636329
25730,12.977552,77.571953
14717,12.977587,77.572438
31427,12.977612,77.577273
47098,12.977740,77.596557
32826,12.977868,77.572391
27840,12.977874,77.592635
45893,12.977911,77.606636
46277,12.978020,77.590842
11918,12.978022,77.572384
58633,12.978125,77.569802
45166,12.978129,77.569530
43228,12.978130,77.569785
44233,12.978130,77.569785
44691,12.978130,77.569785
45625,12.978130,77.569785
38453,12.978248,77.568169
46550,12.978262,77.638526
36360,12.978270,77.638623
36362,12.978270,77.638623
46255,12.978282,77.638384
42427,12.978287,77.576841
43542,12.978347,77.606085
26783,12.978369,77.640836
32605,12.978369,77.640836
38085,12.978369,77.640836
38422,12.978369,77.640836
38703,12.978369,77.640836
41305,12.978369,77.640836
43691,12.978369,77.640836
43955,12.978369,77.640836
44289,12.978369,77.640836
46312,12.978369,77.640836
55118,12.978369,77.640836
115869,12.978369,77.640836
119391,12.978369,77.640836
119392,12.978369,77.640836
123798,12.978369,77.640836
150643,12.978369,77.640836
22183,12.978589,77.645831
32367,12.978662,77.597350
54795,12.979020,77.582144
39597,12.979064,77.572548
31529,12.979128,77.674662
24838,12.979325,77.664184
24839,12.979325,77.664184
48740,12.979325,77.664184
48743,12.979325,77.664184
46289,12.979795,77.548328
24863,12.979893,77.599686
43090,12.979893,77.599686
46043,12.980061,77.591550
55500,12.980156,77.605520
44650,12.980235,77.586061
33870,12.980270,77.577999
33871,12.980270,77.577999
45742,12.980327,77.601352
20289,12.980484,77.575173
31521,12.980635,77.600970
17505,12.980718,77.574680
37665,12.980974,77.588533
45891,12.981000,77.592272
155908,12.981070,77.584980
45834,12.981264,77.597270
41743,12.981613,77.645646
36997,12.981700,77.628415
45090,12.981799,77.557478
31849,12.982190,77.608349
43596,12.982190,77.608349
44953,12.982304,77.594649
13481,12.983020,77.609789
43953,12.983349,77.602768
46103,12.983349,77.602768
53485,12.983579,77.603224
46288,12.984211,77.600654
29408,12.984256,77.597010
46028,12.985037,77.549047
31655,12.985217,77.602994
39577,12.985303,77.602562
33265,12.985650,77.605693
33869,12.985650,77.605693
38451,12.985650,77.605693
42568,12.985650,77.605693
43696,12.985650,77.605693
45100,12.985650,77.605693
45326,12.985650,77.605693
31276,12.985789,77.527056
31403,12.985907,77.527176
43958,12.986195,77.669905
31606,12.986724,77.527935
42336,12.986765,77.573506
43371,12.986845,77.591372
30125,12.986929,77.606249
45940,12.987389,77.592322
51758,12.987692,77.594458
39449,12.987706,77.737399
42702,12.987706,77.737399
37534,12.987765,77.590604
43309,12.987791,77.579315
58213,12.987958,77.537466
35902,12.987966,77.689525
38331,12.987966,77.689525
43185,12.987966,77.689525
33544,12.988230,77.594713
33547,12.988230,77.594713
55086,12.988338,77.591975
43524,12.988539,77.592298
25444,12.988902,77.576120
34841,12.989016,77.576397
43784,12.989555,77.712657
44234,12.989555,77.712657
44285,12.989555,77.712657
33548,12.989619,77.592795
46284,12.989619,77.592795
48819,12.989619,77.592795
48821,12.989619,77.592795
48827,12.989619,77.592795
46151,12.989977,77.714309
43956,12.990340,77.710269
52326,12.990545,77.570805
36541,12.991327,77.570565
36542,12.991327,77.570565
43366,12.991498,77.504642
41107,12.991546,77.571156
34511,12.991630,77.571172
43319,12.991630,77.571172
45535,12.991630,77.571172
46165,12.991630,77.571172
47591,12.991630,77.571172
30070,12.991630,77.685127
20163,12.991717,77.592551
38770,12.991801,77.601848
45027,12.991841,77.504648
45324,12.991841,77.504648
43372,12.992067,77.504440
33269,12.992097,77.617783
48139,12.992513,77.555363
24855,12.992806,77.661174
31088,12.992893,77.660547
39898,12.992970,77.570680
34483,12.992980,77.589940
40915,12.992984,77.589680
33222,12.993287,77.588877
44295,12.993722,77.598039
48632,12.993722,77.598039
45460,12.993974,77.596972
46020,12.994158,77.586120
31629,12.994180,77.596475
36561,12.994307,77.589028
37779,12.994307,77.589028
45109,12.994538,77.608804
45110,12.994538,77.608804
12807,12.994546,77.596273
43954,12.994696,77.644577
43426,12.994809,77.566362
11932,12.994988,77.653267
12806,12.995310,77.599112
30214,12.995802,77.696397
44240,12.995802,77.696397
53478,12.995802,77.696397
41231,12.995992,77.696580
40397,12.996219,77.588716
42667,12.996556,77.761381
23744,12.996573,77.630323
23799,12.996573,77.630323
16477,12.996709,77.528177
44305,12.996859,77.571404
21012,12.996886,77.538135
14690,12.996962,77.669641
46056,12.997354,77.556432
12811,12.997963,77.602773
38699,12.998173,77.553045
45026,12.998173,77.553045
55559,12.998173,77.553045
45879,12.998266,77.550913
29973,12.998341,77.615267
30493,12.998341,77.615267
52098,12.998766,77.592107
44306,12.999982,77.569389
43681,13.000730,77.557643
43320,13.001900,77.571726
125199,13.002307,77.531846
57908,13.002325,77.568093
45099,13.003117,77.612172
45120,13.003117,77.612172
155909,13.003507,77.589095
112228,13.003526,77.589096
31404,13.003978,77.573554
27497,13.004165,77.601905
143771,13.004166,77.629444
11971,13.004266,77.613892
42472,13.004681,77.599944
43646,13.004681,77.599944
31611,13.004792,77.634924
14714,13.005125,77.624695
36731,13.005511,77.569236
37017,13.005511,77.569236
45317,13.005511,77.569236
55413,13.005511,77.569236
57922,13.005554,77.569929
51643,13.005680,77.568863
31514,13.005924,77.687788
24854,13.006092,77.659450
24864,13.006092,77.659450
24990,13.006201,77.658382
51195,13.006270,77.554991
31633,13.006734,77.646663
38700,13.007345,77.591597
20265,13.007567,77.650466
32249,13.007660,77.574147
30601,13.008067,77.526931
44994,13.008208,77.592293
31574,13.008278,77.658165
40779,13.008337,77.548776
24861,13.008489,77.673703
31242,13.008940,77.688946
48797,13.009222,77.583563
30591,13.009249,77.526884
14695,13.009574,77.564073
32169,13.009787,77.569111
45655,13.010027,77.618529
46467,13.010331,77.618979
43704,13.010491,77.525023
40841,13.010827,77.537629
37022,13.010970,77.506778
43940,13.011058,77.555064
55020,13.011058,77.555064
24801,13.011072,77.554993
26892,13.011072,77.554993
27256,13.011072,77.554993
34840,13.011072,77.554993
32167,13.011477,77.568712
31619,13.011798,77.610433
34322,13.012423,77.556203
32938,13.012425,77.625846
36918,13.012511,77.704270
31277,13.012724,77.648188
37421,13.014328,77.487941
44297,13.014550,77.584801
43111,13.014601,77.573681
43527,13.014601,77.573681
40836,13.014625,77.510614
11903,13.015002,77.677950
31605,13.015424,77.615249
45104,13.015770,77.614847
45749,13.015770,77.614847
42928,13.015904,77.637862
31662,13.016298,77.679259
36995,13.016313,77.678481
37355,13.016744,77.704468
31208,13.017207,77.695851
31304,13.017691,77.630493
44314,13.018746,77.594178
11879,13.018871,77.553504
31617,13.019040,77.645131
27243,13.019145,77.646453
27245,13.019145,77.646453
42985,13.019145,77.646453
33262,13.019386,77.558465
33854,13.020001,77.576270
25284,13.020049,77.645770
31358,13.020049,77.645770
31378,13.020049,77.645770
31528,13.020217,77.646437
44296,13.020372,77.583742
33841,13.020476,77.594518
43529,13.020476,77.594518
44303,13.020476,77.594518
44313,13.020476,77.594518
32461,13.020585,77.588674
14698,13.021834,77.643590
28631,13.021891,77.647193
31494,13.022562,77.631368
32488,13.022832,77.632521
42566,13.023352,77.651214
27062,13.023457,77.599625
27937,13.023549,77.599289
11939,13.023728,77.597628
56336,13.023791,77.564938
24147,13.023992,77.643294
33918,13.023992,77.643294
29976,13.024033,77.631167
31492,13.024144,77.625800
32401,13.024655,77.642451
30976,13.024681,77.675392
28235,13.024729,77.594753
32337,13.024729,77.594753
36933,13.024729,77.594753
38695,13.024729,77.594753
46330,13.024731,77.593082
32030,13.025030,77.534024
33258,13.025030,77.534024
38683,13.025030,77.534024
48634,13.025030,77.534024
12827,13.025540,77.647169
24984,13.026138,77.636208
44307,13.026367,77.593262
11888,13.026604,77.585916
31285,13.026692,77.636541
40400,13.027114,77.577100
45319,13.027347,77.538296
29964,13.027449,77.541441
35701,13.028269,77.571356
37477,13.028269,77.571356
30139,13.028513,77.519676
46059,13.028513,77.519676
26764,13.029799,77.604704
56334,13.029988,77.570584
56335,13.029988,77.570595
43082,13.030579,77.564874
43881,13.030579,77.564874
43325,13.031494,77.565524
22049,13.031955,77.636050
42632,13.032633,77.658335
42986,13.032633,77.658335
31660,13.032838,77.715635
27421,13.033493,77.673888
43966,13.033920,77.641904
27438,13.034508,77.623679
45107,13.034866,77.620677
25536,13.035198,77.630991
45242,13.035324,77.628470
27941,13.035356,77.598787
36030,13.035356,77.598787
44235,13.035356,77.598787
44294,13.035922,77.736180
31305,13.035934,77.643148
17510,13.036178,77.560168
135675,13.036263,77.504609
135676,13.036263,77.504609
135678,13.036263,77.504609
32409,13.036552,77.589578
39646,13.037240,77.623425
31618,13.037559,77.643386
42936,13.037847,77.650617
43536,13.038382,77.589607
43538,13.038382,77.589607
44308,13.038382,77.589607
28662,13.039457,77.500018
26228,13.039564,77.620514
31286,13.040158,77.628335
45889,13.040303,77.589634
36544,13.040901,77.555494
33250,13.041694,77.616715
26172,13.042073,77.621010
45106,13.042157,77.613578
43539,13.042242,77.548957
44293,13.042562,77.586219
26386,13.043198,77.625520
28265,13.043592,77.511576
32152,13.043783,77.495045
44304,13.045096,77.626896
49504,13.045308,77.547893
36066,13.045355,77.505395
34668,13.045431,77.547870
36110,13.045431,77.547870
37311,13.045431,77.547870
35763,13.046321,77.633731
35764,13.046321,77.633731
24298,13.046433,77.628025
34879,13.049264,77.506109
51193,13.050091,77.623261
32771,13.050754,77.515428
34675,13.050754,77.515428
47421,13.052589,77.517697
12037,13.052634,77.755222
22806,13.053112,77.618920
49590,13.053475,77.512783
42678,13.054488,77.507533
45641,13.054490,77.591546
43648,13.055193,77.642221
38675,13.056866,77.585941
44312,13.057457,77.592823
43528,13.057521,77.626203
34564,13.058210,77.498377
47380,13.059124,77.580838
47590,13.060190,77.558306
42835,13.060548,77.508203
43949,13.060688,77.771809
43950,13.060688,77.771809
31572,13.061686,77.531903
45179,13.063141,77.620677
29898,13.064225,77.504880
30137,13.066336,77.511778
30138,13.066336,77.511778
42834,13.066946,77.506224
39719,13.068825,77.667680
38145,13.069828,77.589606
52153,13.069828,77.589606
45163,13.070640,77.598798
16839,13.070891,77.556630
47419,13.073986,77.527382
30270,13.074580,77.502043
30120,13.075397,77.509395
34664,13.075397,77.509395
34698,13.075397,77.509395
47383,13.077853,77.554622
45176,13.077896,77.597558
36723,13.080114,77.547940
29908,13.081072,77.556167
36558,13.083984,77.560333
55775,13.084725,77.483103
42720,13.085022,77.484381
54941,13.085279,77.644533
21013,13.086812,77.553520
44315,13.089470,77.556218
29913,13.089709,77.545769
40398,13.092747,77.590026
31298,13.092810,77.593904
45525,13.093403,77.595040
39598,13.096199,77.590681
58874,13.096507,77.570419
38563,13.097615,77.591572
38686,13.097615,77.591572
47100,13.097615,77.591572
47095,13.097724,77.566212
45800,13.099482,77.589340
39344,13.101217,77.572603
39375,13.102075,77.490308
40421,13.103619,77.580569
42439,13.104245,77.571319
47481,13.104766,77.576099
36551,13.106974,77.573226
39371,13.111797,77.561081
25586,13.115275,77.606748
25751,13.115466,77.606998
33837,13.115466,77.606998
36460,13.115466,77.606998
38448,13.115466,77.606998
38763,13.115466,77.606998
39101,13.115466,77.606998
42567,13.115466,77.606998
42666,13.115466,77.606998
47379,13.121986,77.604852
35843,13.130886,77.574121
40408,13.133225,77.558651
47558,13.133999,77.478801
43533,13.136125,77.565524